[
  {
    "path": "/home/wwwroot/Tool/selenium.jar",
    "exec": "java -jar /home/wwwroot/Tool/selenium.jar"
  },
  {
    "path": "/home/wwwroot/NodeServer/decode.php",
    "exec": "/usr/bin/php /home/wwwroot/NodeServer/decode.php"
  },
  {
    "path": "/home/wwwroot/NodeServer/nodeServer.php",
    "exec": "/usr/bin/php /home/wwwroot/NodeServer/nodeServer.php"
  },
  {
    "path": "/home/wwwroot/terminal.php",
    "exec": "/usr/bin/php /home/wwwroot/terminal.php"
  },
  {
    "forbiddenHostname": "sys208",
    "path": "/home/wwwroot/NodeServer/fileServer.php",
    "exec": "/usr/bin/php /home/wwwroot/NodeServer/fileServer.php"
  },
  {
    "hostname": "sys209",
    "path": "/home/wwwroot/Sys209/server.php",
    "exec": "/usr/bin/php /home/wwwroot/Sys209/server.php"
  },
  {
    "hostname": "sys209",
    "path": "/home/wwwroot/Sys209/checker_gdrive_store.php",
    "exec": "/usr/bin/php /home/wwwroot/Sys209/checker_gdrive_store.php"
  },
  {
    "hostname": "sys209",
    "path": "/home/wwwroot/Sys209/checker_sources.php",
    "exec": "/usr/bin/php /home/wwwroot/Sys209/checker_sources.php"
  },
  {
    "hostname": "sys209",
    "path": "/home/wwwroot/Sys209/checker_store.php",
    "exec": "/usr/bin/php /home/wwwroot/Sys209/checker_store.php"
  },
  {
    "hostname": "sys208",
    "path": "/home/wwwroot/web/db_api.php",
    "exec": "/usr/bin/php /home/wwwroot/web/db_api.php"
  },
  {
    "hostname": "sys208",
    "path": "/home/wwwroot/web/http.php",
    "exec": "/usr/bin/php /home/wwwroot/web/http.php"
  },
  {
    "hostname": "sys208",
    "path": "/home/wwwroot/web/http_loop.php",
    "exec": "/usr/bin/php /home/wwwroot/web/http_loop.php"
  },
  {
    "hostname": "sys208",
    "path": "/home/wwwroot/web/http_v2.php",
    "exec": "/usr/bin/php /home/wwwroot/web/http_v2.php"
  },
  {
    "hostname": "sys208",
    "path": "/home/wwwroot/web/p2p.php",
    "exec": "/usr/bin/php /home/wwwroot/web/p2p.php"
  }
]